name,description,coverImage,cards,privacy,language,deleted,createdAt,updatedAt
My Ger-Fr Phrases,,https://s3.amazonaws.com/tinycards/image/c63c655845f1f2df8a9a04c67156c2db,"### Card 1
Front
* Comment tu t'appelles?

Back
* Wie heißt du?

### Card 2
Front
* Où habite-tu?

Back
* Wo wohnst du?

### Card 3
Front
* J'habite à Berlin

Back
* Ich wohne in Berlin

### Card 4
Front
* Je parle un peu français

Back
* Ich spreche ein bisschen Französisch

### Card 5
Front
* Quel âge as-tu?

Back
* Wie alt bist du?

### Card 6
Front
* J'ai quarante-cinq ans

Back
* Ich bin fünfundvierzig Jahre alt

### Card 7
Front
* Aimes-tu la musique?

Back
* Magst du die Musik?

### Card 8
Front
* Tu viens d'où?

Back
* Woher kommst du?

### Card 9
Front
* Je viens de Russie

Back
* Ich komme aus Russland

### Card 10
Front
* Que fais-tu en ce moment?

Back
* Was machst du gerade?

### Card 11
Front
* J'apprends le français

Back
* Ich lerne Französisch

### Card 12
Front
* Sais-tu jouer de la guitare?

Back
* Kannst du Gitarre spielen?

### Card 13
Front
* Non, je ne sais pas jouer de la guitare

Back
* Nein, ich weiß nicht, wie man Gitarre spielt

### Card 14
Front
* Je connais très bien la ville de Moscou

Back
* Ich kenne Moskau sehr gut

### Card 15
Front
* Est-ce que tu portes des lunettes?

Back
* Trägst du eine Brille?

### Card 16
Front
* Parfois je porte des lunettes

Back
* Manchmal trage ich eine Brille

### Card 17
Front
* Es-tu partie en vacances cet été?

Back
* Bist du diesen Sommer in einen Urlaub gefahren?

### Card 18
Front
* Oui, cet été je suis partie en vacances dans le sud de la France

Back
* Ja, diesen Sommer habe ich den Urlaub in Südfrankreich gemacht

### Card 19
Front
* Je crois que je préfère les pommes,  c'est le meilleur fruit

Back
* Ich glaube, dass ich Äpfel bevorzuge, es ist die beste Frucht

### Card 20
Front
* Tu as mal où?

Back
* Wo tut es dir weh?

### Card 21
Front
* J'ai mal à la tête

Back
* Ich habe Kopfschmerzen

### Card 22
Front
* À quoi tu penses?

Back
* Worüber denkst du?

### Card 23
Front
* On s'ennuie, non?

Back
* Wir langweilen uns, oder?

### Card 24
Front
* On s'ennuie grave

Back
* Wir langweilen uns ernsthaft

### Card 25
Front
* Est-ce que tu veux boire quelque chose?

Back
* Willst du etwas trinken?

### Card 26
Front
* Oui, je veux boire de l'eau avec du citron

Back
* Ja, ich möchte Wasser mit Zitrone trinken

### Card 27
Front
* Est-ce que vous pouvez nous prendre en photo?

Back
* Können Sie uns fotografieren?

### Card 28
Front
* Tu as perdu quelque chose?

Back
* Hast du etwas verloren?

### Card 29
Front
* J'ai perdu mes clefs

Back
* Ich habe meine Schlüssel verloren

### Card 30
Front
* Pourquoi tu rigoles?

Back
* Warum lachst du?

### Card 31
Front
* Parce que tu es drôle

Back
* Weil du lustig bist

### Card 32
Front
* Je ne comprends pas

Back
* Ich verstehe nicht",Everyone,en,False,2020-02-21 11:47:17,2020-02-23 10:58:25
My Ger-Fr Vocabulary vol.1,,https://s3.amazonaws.com/tinycards/image/1d96b40eabec4821e08f6dc69a035692,"### Card 1
Front
* faire

Back
* machen

### Card 2
Front
* boîte

Back
* können

### Card 3
Front
* doit

Back
* müssen

### Card 4
Front
* aller

Back
* gehen

### Card 5
Front
* donner

Back
* geben

### Card 6
Front
* prendre

Back
* nehmen

### Card 7
Front
* meilleur

Back
* am besten

### Card 8
Front
* savoir

Back
* wissen

### Card 9
Front
* connaître

Back
* kennen

### Card 10
Front
* parfois

Back
* manchmal

### Card 11
Front
* porter

Back
* tragen

### Card 12
Front
* préférer

Back
* bevorzugen

### Card 13
Front
* penser

Back
* denken",Everyone,en,False,2020-02-21 11:08:58,2020-02-21 11:47:34
IU: Phrases 01,Phrases from individual classes,https://s3.amazonaws.com/tinycards/image/744a500ce653767a6ab71bac9c1e7e33,"### Card 1
Front
* I've been doing it not for a long time yet.

Back
* Das mache ich noch nicht lange.

### Card 2
Front
* until late at night

Back
* bis spät Nacht

### Card 3
Front
* I'm bored

Back
* ich langweile mich

### Card 4
Front
* on foot

Back
* zu Fuß

### Card 5
Front
* it seems to me

Back
* es kommt mir vor

### Card 6
Front
* I'm leaving at 9 PM.

Back
* Ich verlasse um 9 PM.

### Card 7
Front
* It takes me 20 minutes to go to work.

Back
* Ich brauche 20 Minuten, um zur Arbeit zu gehen.

### Card 8
Front
* Within this month you should find another flat.

Back
* In diesem Monat musst du eine andere Wohnung finden.

### Card 9
Front
* In the end we got the flat that we liked the most.

Back
* Am Ende haben wir die Wohnung bekommen, die uns am besten gefallen hat.

### Card 10
Front
* I can be mistaken

Back
* ich kann mich irren

### Card 11
Front
* I can be wrong

Back
* ich kann falsch liegen

### Card 12
Front
* in the seventies

Back
* in den siebziger Jahren

### Card 13
Front
* as the SU fell apart

Back
* als die SU auseinander brach

### Card 14
Front
* It is represented in different ways.

Back
* Es ist unterschiedlich dargestellt.

### Card 15
Front
* to pass the exam

Back
* bestehen die Prüfung

### Card 16
Front
* to be honest

Back
* um ehrlich zu sein

### Card 17
Front
* As I started to work in the IT

Back
* Als ich angefangen habe, in der IT zu arbeiten

### Card 18
Front
* to coordinate with others

Back
* sich abstimmen mit anderen

### Card 19
Front
* The spark that finally ignites the powder keg

Back
* Der Funke, der das Pulverfass schlussendlich zündet

### Card 20
Front
* Say, what is on your mind.

Back
* Sag mal, was dir auf dem Herzen liegt.

### Card 21
Front
* The bigger the army, the more money it can collect.

Back
* Je größer die Armee ist, desto mehr Geld kann sie sammeln.

### Card 22
Front
* the more the better

Back
* je mehr desto besser

### Card 23
Front
* That depends heavily on others.

Back
* Das hängt stark von anderen ab.

### Card 24
Front
* at least so far

Back
* bislang zumindest

### Card 25
Front
* In what way?

Back
* Inwiefern?

### Card 26
Front
* Since I've started to learn German

Back
* Seit ich angefangen habe, Deutsch zu lernen

### Card 27
Front
* in this sense

Back
* in dieser Hinsicht

### Card 28
Front
* The words can be ordered arbitrarily.

Back
* Die Worte können beliebig angeordnet werden.

### Card 29
Front
* it is enough

Back
* es reicht

### Card 30
Front
* it persists

Back
* es besteht fort

### Card 31
Front
* it persists

Back
* es bleibt bestehen

### Card 32
Front
* to deal with something

Back
* sich mit etwas beschäftigen

### Card 33
Front
* to dedicate time to something

Back
* Zeit auf etwas verwenden

### Card 34
Front
* to waste time on something

Back
* Zeit mit etwas verschwenden

### Card 35
Front
* The force is directed on a point

Back
* Die Kraft ist gerichtet auf einen Punkt

### Card 36
Front
* the one does not exclude the other

Back
* das eine schließt das andere nicht aus

### Card 37
Front
* than ever before

Back
* als je zuvor

### Card 38
Front
* I've noticed, that...

Back
* Es ist mir aufgefallen, dass...

### Card 39
Front
* I've noticed, that...

Back
* Ich habe bemerkt, dass...

### Card 40
Front
* to call a lawyer

Back
* einen Anwalt einschalten

### Card 41
Front
* I already mentioned in passing

Back
* Ich erwähnte schon im Vorübergehen

### Card 42
Front
* I am working from home

Back
* Ich arbeite von zu Hause

### Card 43
Front
* There is something in it!

Back
* Da ist etwas dran!

### Card 44
Front
* Do you have something in mind?

Back
* Hast du etwas vor?

### Card 45
Front
* according to the circumstances

Back
* den Umständen entsprechend

### Card 46
Front
* I was interested in the way a language is defined.

Back
* Ich interessierte mich dafür, wie man eine Sprache definiert.

### Card 47
Front
* I have an interest for

Back
* Ich habe Interesse an

### Card 48
Front
* to get into a situation

Back
* in eine Situation kommen

### Card 49
Front
* I thought about what would I do if I didn't need money.

Back
* Ich habe darüber nachgedacht, was ich machen würde, wenn ich kein Geld bräuchte.

### Card 50
Front
* I started to learn from 16.

Back
* Ich habe mit 16 angefangen zu studieren.

### Card 51
Front
* The topic is for discussion.

Back
* Das Thema steht zur Diskussion.

### Card 52
Front
* self-proclaimed ruler

Back
* selbst ernannter Herrscher

### Card 53
Front
* by default

Back
* standardmäßig

### Card 54
Front
* to ask a question

Back
* eine Frage stellen

### Card 55
Front
* to fulfill the conditions

Back
* die Auflagen erfüllen

### Card 56
Front
* this can not be the question

Back
* das kann nicht die Rede sein

### Card 57
Front
* They reported that the stench was unbearable.

Back
* Sie berichteten, dass der Gestank unerträglich gewesen sei.

### Card 58
Front
* He does that out of conviction.

Back
* Er macht das aus Überzeugung.

### Card 59
Front
* What bothers you?

Back
* Was stört dich?

### Card 60
Front
* I don't feel like it.

Back
* Ich habe keine Lust darauf.

### Card 61
Front
* We are working hard on the solution.

Back
* Wir arbeiten mit Hochdruck an der Lösung.

### Card 62
Front
* The reactions were not long in coming.

Back
* Die Reaktionen ließen nicht lange auf sich warten.

### Card 63
Front
* in certain aspects

Back
* in gewisser Hinsicht

### Card 64
Front
* partially yes

Back
* teilweise ja

### Card 65
Front
* determined to win

Back
* zum Sieg entschlossen

### Card 66
Front
* They can try to find something.

Back
* Sie können versuchen, etwas zu finden.

### Card 67
Front
* in the worst case

Back
* im allerschlimmsten Fall

### Card 68
Front
* to strap the belt tight

Back
* den Gürtel enger schnallen

### Card 69
Front
* What the book was that?

Back
* Was für ein Buch war es?

### Card 70
Front
* I imagine it as ...

Back
* Ich stelle mir das vor als ...

### Card 71
Front
* go the path of least resistance

Back
* den Weg des geringsten Widerstands gehen

### Card 72
Front
* the plait

Back
* der Zopf

### Card 73
Front
* I prepare for a presentation.

Back
* Ich bereite mich auf eine Präsentation vor.

### Card 74
Front
* He returned a couple of days ago.

Back
* Er ist vor ein paar Tagen zurückgekommen.

### Card 75
Front
* From what I've read

Back
* Von dem, was ich gelesen habe

### Card 76
Front
* to cross the street

Back
* die Straße überqueren

### Card 77
Front
* to forward an email

Back
* eine Email weiterleiten

### Card 78
Front
* to set up a meeting

Back
* ein Meeting vereinbaren

### Card 79
Front
* to get along with somebody

Back
* sich mit jemandem verstehen",Everyone,en,False,2019-02-03 13:24:00,2019-11-29 07:39:09
IU: Vocab. 3,Words from individual classes,https://s3.amazonaws.com/tinycards/image/ead31b8d519ba6ae32dc81ed94009b8f,"### Card 1
Front
* to scale

Back
* skalieren

### Card 2
Front
* the individual

Back
* das Individuum

### Card 3
Front
* to nod

Back
* nicken

### Card 4
Front
* the gym

Back
* das Fitnessstudio

### Card 5
Front
* the air company

Back
* die Fluggesellschaft

### Card 6
Front
* to bootlick

Back
* schmeicheln

### Card 7
Front
* to rasp

Back
* raspeln

### Card 8
Front
* to get away lightly

Back
* glimpflich davonkommen

### Card 9
Front
* the grin

Back
* das Grinsen

### Card 10
Front
* to grow

Back
* wachsen

### Card 11
Front
* to bore

Back
* bohren

### Card 12
Front
* the spot

Back
* der Fleck

### Card 13
Front
* the rock

Back
* der Fels

### Card 14
Front
* the accomplishment

Back
* die Errungenschaft

### Card 15
Front
* the angle

Back
* der Winkel

### Card 16
Front
* pale

Back
* blass

### Card 17
Front
* naked

Back
* nackt

### Card 18
Front
* the concrete

Back
* der Beton

### Card 19
Front
* rough

Back
* grob

### Card 20
Front
* populated

Back
* besiedelt

### Card 21
Front
* the drama

Back
* das Drama

### Card 22
Front
* the effort

Back
* die Aufwand

### Card 23
Front
* the source code

Back
* der Quellcode

### Card 24
Front
* distorted

Back
* vererrt

### Card 25
Front
* moderate

Back
* moderat

### Card 26
Front
* the superior

Back
* der Vorgesetzte

### Card 27
Front
* to insert

Back
* einfügen

### Card 28
Front
* the split

Back
* die Spaltung

### Card 29
Front
* adequate

Back
* angemessen

### Card 30
Front
* the conductivity

Back
* die Leitfähigkeit

### Card 31
Front
* the thermal radiation

Back
* die Wärmestrahlung

### Card 32
Front
* the plate

Back
* die Platte

### Card 33
Front
* the power plant

Back
* die Kraftwerk

### Card 34
Front
* the generation

Back
* die Erzeugung

### Card 35
Front
* the steam

Back
* der Dampf

### Card 36
Front
* to exhaust

Back
* entweichen

### Card 37
Front
* to explode

Back
* explodieren

### Card 38
Front
* the fuel rod

Back
* der Brennstab

### Card 39
Front
* to free up

Back
* freisetzen

### Card 40
Front
* to fall out

Back
* ausfallen

### Card 41
Front
* to contaminate

Back
* verseuchen

### Card 42
Front
* to hush up

Back
* vertuschen

### Card 43
Front
* the interdependency

Back
* die Verflechtung

### Card 44
Front
* the gap

Back
* die Lücke

### Card 45
Front
* the thread

Back
* der Faden

### Card 46
Front
* to obey

Back
* gehorchen

### Card 47
Front
* the shame

Back
* die Schande

### Card 48
Front
* to look through

Back
* nachsehen

### Card 49
Front
* the bubble

Back
* die Blase

### Card 50
Front
* upside down

Back
* kopfüber

### Card 51
Front
* the inhibition

Back
* die Hemmung

### Card 52
Front
* to suspect

Back
* verdächtigen

### Card 53
Front
* the painting

Back
* das Gemälde

### Card 54
Front
* the dispute

Back
* der Streit

### Card 55
Front
* to fail

Back
* versagen

### Card 56
Front
* the medieval times

Back
* das Mittelalter

### Card 57
Front
* familiar

Back
* vertraut

### Card 58
Front
* the stream

Back
* die Strömung

### Card 59
Front
* to tackle

Back
* anpacken

### Card 60
Front
* tackle and do

Back
* anpacken und machen

### Card 61
Front
* the complexion

Back
* der Teint

### Card 62
Front
* to blight

Back
* verschandeln

### Card 63
Front
* to accept

Back
* zustimmen

### Card 64
Front
* by heart

Back
* auswendig

### Card 65
Front
* to detain

Back
* abhalten

### Card 66
Front
* illegal

Back
* widerrechtlich

### Card 67
Front
* the infringement

Back
* der Übergriff

### Card 68
Front
* the homesickness

Back
* das Heimweh

### Card 69
Front
* the slope

Back
* der Hang

### Card 70
Front
* ailing

Back
* marode

### Card 71
Front
* to transfer

Back
* übergeben

### Card 72
Front
* to coordinate

Back
* sich abstimmen

### Card 73
Front
* to overlook

Back
* übersehen

### Card 74
Front
* to heal

Back
* heilen

### Card 75
Front
* to subsidize

Back
* subventionieren

### Card 76
Front
* unproven

Back
* unbewiesen

### Card 77
Front
* to creak

Back
* knarren

### Card 78
Front
* to doze

Back
* dösen

### Card 79
Front
* the tap

Back
* der Hahn

### Card 80
Front
* to spread

Back
* streichen

### Card 81
Front
* to clear away

Back
* abräumen

### Card 82
Front
* the dishwasher

Back
* der Geschirrspüler

### Card 83
Front
* to brush one's teeth

Back
* sich die Zähne putzen

### Card 84
Front
* to shave

Back
* sich rasieren

### Card 85
Front
* the attachment

Back
* der Anhang

### Card 86
Front
* to warm up

Back
* hochfahren

### Card 87
Front
* to shut down

Back
* runterfahren

### Card 88
Front
* the objection

Back
* der Einwand

### Card 89
Front
* the plug socket

Back
* die Steckdose

### Card 90
Front
* the plug

Back
* der Stecker

### Card 91
Front
* fair

Back
* ordentlich

### Card 92
Front
* conservative

Back
* zurückhaltend

### Card 93
Front
* inventive

Back
* erfinderisch

### Card 94
Front
* faithful

Back
* treu

### Card 95
Front
* modest

Back
* bescheiden

### Card 96
Front
* overambitious

Back
* ehrgeizig

### Card 97
Front
* comprehensive

Back
* verständnisvoll

### Card 98
Front
* emotional

Back
* gefühlsbetont

### Card 99
Front
* reliable

Back
* zuverlässig

### Card 100
Front
* just

Back
* gerecht

### Card 101
Front
* thorough

Back
* gründlich

### Card 102
Front
* generous

Back
* großzügig

### Card 103
Front
* to reposition

Back
* umstellen

### Card 104
Front
* the handyman

Back
* der Heimwerker

### Card 105
Front
* to demand

Back
* verlangen

### Card 106
Front
* gentle

Back
* sanft

### Card 107
Front
* the marsh

Back
* der Sumpf

### Card 108
Front
* the technical term

Back
* das Fachwort

### Card 109
Front
* verbose

Back
* langatmig

### Card 110
Front
* the dye

Back
* die Färbung

### Card 111
Front
* the intrusion

Back
* das Eindringen

### Card 112
Front
* child abuse

Back
* Kindesmisshandlung

### Card 113
Front
* to incorporate

Back
* einarbeiten

### Card 114
Front
* the promotion

Back
* die Beförderung

### Card 115
Front
* the grade

Back
* die Abstufung

### Card 116
Front
* the salary increase

Back
* die Gehaltserhöhung

### Card 117
Front
* to conquer

Back
* erobern

### Card 118
Front
* blurred

Back
* verschwommen

### Card 119
Front
* the plot

Back
* die Handlung

### Card 120
Front
* outraged

Back
* empört

### Card 121
Front
* the extent

Back
* das Ausmaß

### Card 122
Front
* the bearing walls

Back
* die tragende Wände

### Card 123
Front
* accessible

Back
* zugänglich",Everyone,en,False,2019-05-12 10:33:32,2019-11-29 07:38:52
IU: Vocab. 02,Words from individual classes,https://s3.amazonaws.com/tinycards/image/d68964faa5d201b66ac8c679535af42a,"### Card 1
Front
* the fiction

Back
* die Belletristik

### Card 2
Front
* to attract attention

Back
* auffallen

### Card 3
Front
* the only

Back
* das einzige

### Card 4
Front
* the flier

Back
* das Flugblatt

### Card 5
Front
* the written warning

Back
* die Abmahnung

### Card 6
Front
* to address to

Back
* sich wenden an

### Card 7
Front
* the chicanery

Back
* die Schikane

### Card 8
Front
* the job market

Back
* der Stellenmarkt

### Card 9
Front
* by the way

Back
* übrigens

### Card 10
Front
* to correspond

Back
* entsprechen

### Card 11
Front
* to imitate

Back
* ahmen

### Card 12
Front
* successful

Back
* gelungen

### Card 13
Front
* to prove

Back
* beweisen

### Card 14
Front
* renowned

Back
* renomiert

### Card 15
Front
* misleading

Back
* irreführend

### Card 16
Front
* the immigrant

Back
* der Einwanderer

### Card 17
Front
* to happen

Back
* passieren

### Card 18
Front
* frightened

Back
* verängstigt

### Card 19
Front
* to deepen

Back
* vertiefen

### Card 20
Front
* the formula

Back
* die Formel

### Card 21
Front
* to guess

Back
* raten

### Card 22
Front
* to assume

Back
* vermuten

### Card 23
Front
* the circumstance

Back
* der Umstand

### Card 24
Front
* the synthesis

Back
* die Synthese

### Card 25
Front
* to substitute

Back
* ersetzen

### Card 26
Front
* embedded

Back
* eingebunden

### Card 27
Front
* unique

Back
* einzigartig

### Card 28
Front
* except

Back
* außer

### Card 29
Front
* the interpreter

Back
* der Dolmetscher

### Card 30
Front
* the humanities

Back
* die Geisteswissenschaften

### Card 31
Front
* to detract

Back
* entzogen

### Card 32
Front
* the factory

Back
* die Fabrik

### Card 33
Front
* to force

Back
* zwingen

### Card 34
Front
* to subordinate

Back
* unterordnen

### Card 35
Front
* the contribution

Back
* der Beitrag

### Card 36
Front
* afterwards

Back
* anschließend

### Card 37
Front
* Milan

Back
* Mailand

### Card 38
Front
* the nausea

Back
* die Übelkeit

### Card 39
Front
* to faint

Back
* ohnmächtig werden

### Card 40
Front
* the plant

Back
* die Anlage

### Card 41
Front
* the motivation

Back
* der Antrieb

### Card 42
Front
* the profit

Back
* der Gewinn

### Card 43
Front
* the waste separation

Back
* die Mülltrennung

### Card 44
Front
* the adaptation

Back
* die Anpassung

### Card 45
Front
* the appreciation

Back
* die Wertschätzung

### Card 46
Front
* contagious

Back
* ansteckend

### Card 47
Front
* creative

Back
* einfallsreich

### Card 48
Front
* the idea

Back
* der Einfall

### Card 49
Front
* to fall

Back
* stürzen

### Card 50
Front
* the fossil

Back
* das Fossil

### Card 51
Front
* to ensure

Back
* sicherstellen

### Card 52
Front
* the local

Back
* der Ortansässige

### Card 53
Front
* the fairy

Back
* die Fee

### Card 54
Front
* to long for

Back
* sich sehnen

### Card 55
Front
* to bend

Back
* krümmen

### Card 56
Front
* invertible

Back
* umkehrbar

### Card 57
Front
* challenging

Back
* anspruchsvoll

### Card 58
Front
* to simulate

Back
* simulieren

### Card 59
Front
* predictable

Back
* vorhersehbar

### Card 60
Front
* to disprove

Back
* widerlegen

### Card 61
Front
* the hole

Back
* das Loch

### Card 62
Front
* for miles and miles

Back
* meilenweit

### Card 63
Front
* appropriate

Back
* geeignet

### Card 64
Front
* occasionally

Back
* gelegentlich

### Card 65
Front
* to be valid

Back
* gelten

### Card 66
Front
* nervous

Back
* aufgeregt

### Card 67
Front
* to possess

Back
* verfügen

### Card 68
Front
* to consider yourself

Back
* sich gelten

### Card 69
Front
* reliable

Back
* zuverlässig

### Card 70
Front
* to bribe

Back
* bestechen

### Card 71
Front
* sunny

Back
* sonnig

### Card 72
Front
* the demand

Back
* die Nachfrage

### Card 73
Front
* awkward

Back
* misslich

### Card 74
Front
* the prosperity

Back
* der Wohlstand

### Card 75
Front
* to equalize

Back
* gleichsetzen

### Card 76
Front
* cheerful

Back
* heiter

### Card 77
Front
* inborn

Back
* angeboren

### Card 78
Front
* the skinniness

Back
* die Schlankheit

### Card 79
Front
* the cure

Back
* die Kur

### Card 80
Front
* the cross section

Back
* der Querschnitt

### Card 81
Front
* overall

Back
* insgesamt

### Card 82
Front
* the divorce

Back
* die Scheidung

### Card 83
Front
* to take into account

Back
* berücksichtigen

### Card 84
Front
* insustainable

Back
* unhaltbar

### Card 85
Front
* the value system

Back
* das Wertesystem

### Card 86
Front
* the Declaration of independence

Back
* die Unabhängigkeitserklärung

### Card 87
Front
* to proclaim

Back
* proklamieren

### Card 88
Front
* apparently

Back
* offensichtlich

### Card 89
Front
* the famine

Back
* die Hungersnot

### Card 90
Front
* the mood

Back
* die Stimmung

### Card 91
Front
* to fix

Back
* berichtigen

### Card 92
Front
* to correct

Back
* korregieren

### Card 93
Front
* to record

Back
* aufnehmen

### Card 94
Front
* the record

Back
* die Aufnahme

### Card 95
Front
* to win somebody

Back
* jemanden besiegen

### Card 96
Front
* the traffic jam

Back
* der Stau

### Card 97
Front
* to transit

Back
* durchquerren

### Card 98
Front
* the diameter

Back
* der Durchmesser

### Card 99
Front
* the radius

Back
* der Radius

### Card 100
Front
* the perimeter

Back
* der Umfang

### Card 101
Front
* widespread

Back
* verstreut

### Card 102
Front
* the course

Back
* der Ablauf

### Card 103
Front
* to loot

Back
* plündern

### Card 104
Front
* the inheritance

Back
* die Vererbung

### Card 105
Front
* the embossment

Back
* die Prägung

### Card 106
Front
* to relieve

Back
* entlasten

### Card 107
Front
* the unison

Back
* der Einklang

### Card 108
Front
* the load

Back
* die Belastung

### Card 109
Front
* the endurance

Back
* die Ausdauer

### Card 110
Front
* the superstition

Back
* die Aberglaube

### Card 111
Front
* the tailor shop

Back
* die Schneiderei

### Card 112
Front
* the skill

Back
* die Fertigkeit

### Card 113
Front
* to tend to

Back
* neigen zu

### Card 114
Front
* relaxed

Back
* entspannt

### Card 115
Front
* switched off

Back
* ausgeschaltet

### Card 116
Front
* exploitary

Back
* ausbeuterisch

### Card 117
Front
* Gross Domestic Product per capita

Back
* pro-Kopf Bruttoinlandsprodukt

### Card 118
Front
* the superior

Back
* der Vorgesetzte

### Card 119
Front
* the failure

Back
* das Versagen

### Card 120
Front
* to brood over

Back
* grübeln über

### Card 121
Front
* to judge

Back
* beurteilen

### Card 122
Front
* the ignorance

Back
* die Unwissenheit

### Card 123
Front
* awkward

Back
* ungeschickt

### Card 124
Front
* the concession

Back
* das Zugeständnis

### Card 125
Front
* to reject

Back
* zurückweisen

### Card 126
Front
* to get into

Back
* geraten in

### Card 127
Front
* to be involved

Back
* verstrickt sein

### Card 128
Front
* the worm

Back
* der Wurm

### Card 129
Front
* the nest

Back
* das Nest

### Card 130
Front
* the mourning

Back
* die Trauer

### Card 131
Front
* to cant

Back
* heucheln

### Card 132
Front
* to pretend

Back
* vortäuschen

### Card 133
Front
* the sympathy

Back
* das Mitgefühl

### Card 134
Front
* the tear

Back
* die Träne

### Card 135
Front
* essential

Back
* wesentlich

### Card 136
Front
* narrow

Back
* enger

### Card 137
Front
* Greece

Back
* Griechenland

### Card 138
Front
* the rock

Back
* der Fels

### Card 139
Front
* the failure

Back
* das Scheitern

### Card 140
Front
* the accomplishment

Back
* die Errungenschaft",Everyone,en,False,2019-03-17 11:36:53,2019-05-07 17:42:36
UdGs,Wörter vom Buch,https://s3.amazonaws.com/tinycards/image/17ac2c22f99b24f2c33f677930eb182d,"### Card 1
Front
* impenetrable

Back
* undurchdringlich

### Card 2
Front
* the blood-soaked coat

Back
* das blutgetränkte Fell

### Card 3
Front
* around skinny shoulders of the old man

Back
* um die mageren Schultern des Alten

### Card 4
Front
* the trembling

Back
* das Zittern

### Card 5
Front
* to conceal

Back
* verbergen

### Card 6
Front
* the candle

Back
* die Kerze

### Card 7
Front
* the subordinate

Back
* der Untergebene

### Card 8
Front
* Discussion was out of place.

Back
* Diskussion war fehl am Platze.

### Card 9
Front
* the hood

Back
* die Motorhaube",Everyone,en,False,2019-04-22 17:15:11,2019-04-22 17:15:11
Verben mit Präpositionen,(x_x),https://s3.amazonaws.com/tinycards/image/82c8e069b4606fc914499ecd420f842f,"### Card 1
Front
* capable of this

Back
* dazu fähig

### Card 2
Front
* The land is rich in mineral resources.

Back
* Das Land ist reich an Bodenschätzen.

### Card 3
Front
* happy about the price

Back
* über den Preis glücklich

### Card 4
Front
* unexperienced in business

Back
* unerfahren um Geschäft

### Card 5
Front
* loved by her

Back
* geliebt von ihr

### Card 6
Front
* popular with young audiences

Back
* bei jungen Publikum beliebt

### Card 7
Front
* He is not to blame for this accident.

Back
* Er ist in diesem Unfall nicht schuld.

### Card 8
Front
* surprised by your behaviour

Back
* über dein Verhalten verwundert

### Card 9
Front
* crazy about sports

Back
* verrückt nach Sport

### Card 10
Front
* sensitive to sweets

Back
* empfindlich auf Süßes

### Card 11
Front
* not suitable for the position

Back
* für die Stelle nicht geeignet

### Card 12
Front
* Friedrich was so reserved to us.

Back
* Friedrich war uns gegenüber so zurückhaltend.

### Card 13
Front
* She is interested only in his money.

Back
* Sie ist nur an seinem Geld interessiert.

### Card 14
Front
* to complain about the service

Back
* sich über den Service beschweren

### Card 15
Front
* He doubts in it.

Back
* Er zweifelt daran.

### Card 16
Front
* to take part in it

Back
* daran teilnehmen

### Card 17
Front
* to prepare for it

Back
* sich darauf vorbereiten",Everyone,en,False,2019-04-19 09:02:04,2019-04-24 17:05:43
My Eng-Ger Vocabulary 1,,https://s3.amazonaws.com/tinycards/image/ded3d2273b23c0717ad8e1460159d8bd,"### Card 1
Front
* the armchair

Back
* der Sessel

### Card 2
Front
* the suggestion

Back
* der Vorschlag

### Card 3
Front
* to be worth

Back
* lohnen

### Card 4
Front
* to remember

Back
* sich erinnern

### Card 5
Front
* the sound

Back
* das Geräusch

### Card 6
Front
* the ringing sound

Back
* der Klang

### Card 7
Front
* the noise

Back
* der Lärm

### Card 8
Front
* the polish man

Back
* der Pole

### Card 9
Front
* the polish woman

Back
* die Polin

### Card 10
Front
* the reading

Back
* die Lesung

### Card 11
Front
* towards there

Back
* dort hin

### Card 12
Front
* the listener

Back
* der Zuhörer

### Card 13
Front
* the spectator

Back
* der Zuschauer

### Card 14
Front
* the poem

Back
* das Gedichte

### Card 15
Front
* the battle

Back
* die Schlacht

### Card 16
Front
* to slaughter

Back
* schlachten

### Card 17
Front
* the brackets

Back
* die Klammern

### Card 18
Front
* northern

Back
* nördlich

### Card 19
Front
* the Northern Lights

Back
* die Nordlichter

### Card 20
Front
* the nephew

Back
* der Neffe

### Card 21
Front
* the niece

Back
* die Nichte

### Card 22
Front
* to wake up

Back
* aufwachen

### Card 23
Front
* to exempt

Back
* ausnehmen
* потрошить

### Card 24
Front
* to get stuck

Back
* stecken bleiben

### Card 25
Front
* the area

Back
* das Gebiet

### Card 26
Front
* the reunification

Back
* die Wiedervereinigung

### Card 27
Front
* humid

Back
* feucht

### Card 28
Front
* wet

Back
* nass

### Card 29
Front
* the precipitation (as an object)

Back
* der Niederschlag

### Card 30
Front
* the precipitation (as a process)

Back
* der Schauer

### Card 31
Front
* the hail

Back
* der Hagel

### Card 32
Front
* the frost

Back
* der Frost

### Card 33
Front
* frosty

Back
* frostig

### Card 34
Front
* the cold

Back
* die Kälte

### Card 35
Front
* the heat

Back
* die Hitze

### Card 36
Front
* the warmth

Back
* die Wärme

### Card 37
Front
* to annoy

Back
* ärgern

### Card 38
Front
* the anger

Back
* der Ärger

### Card 39
Front
* Nonsense!

Back
* Quatsch!

### Card 40
Front
* the relatives

Back
* die Verwandten

### Card 41
Front
* the sparkling wine

Back
* der Sekt

### Card 42
Front
* to stop

Back
* aufhören

### Card 43
Front
* to listen to

Back
* hören auf
* слушаться

### Card 44
Front
* to belong

Back
* gehören

### Card 45
Front
* the counter

Back
* der Schalter

### Card 46
Front
* the single room

Back
* das Einzelzimmer

### Card 47
Front
* the double room

Back
* das Doppelzimmer

### Card 48
Front
* Cool!

Back
* Geil!

### Card 49
Front
* polite

Back
* höflich

### Card 50
Front
* the decision

Back
* das Bescheid
* справка

### Card 51
Front
* to weight

Back
* wiegen

### Card 52
Front
* to glue

Back
* kleben

### Card 53
Front
* precisely

Back
* präzis

### Card 54
Front
* the felt pen

Back
* der Filzstift
* фломастер

### Card 55
Front
* the pencil

Back
* der Bleistift

### Card 56
Front
* the ballpoint pen

Back
* der Kugelschreiber

### Card 57
Front
* the stuffed animals

Back
* die Stofftiere

### Card 58
Front
* the rubber

Back
* das Gummi

### Card 59
Front
* the bubblegum

Back
* das Kaugummi

### Card 60
Front
* the band (musical)

Back
* die Band

### Card 61
Front
* the ribbon

Back
* das Band

### Card 62
Front
* the volume

Back
* der Band
* том

### Card 63
Front
* the gang

Back
* die Bande

### Card 64
Front
* to lie

Back
* lügen

### Card 65
Front
* the liar

Back
* der Lügner

### Card 66
Front
* to push

Back
* schieben

### Card 67
Front
* the school subject

Back
* das Fach

### Card 68
Front
* the light switch

Back
* der Lichtschalter

### Card 69
Front
* diligent

Back
* fleißig

### Card 70
Front
* lazy

Back
* faul

### Card 71
Front
* the orchestra conductor

Back
* der Diriger

### Card 72
Front
* the composer

Back
* der Komponist

### Card 73
Front
* the gymnast

Back
* der Turner

### Card 74
Front
* the frenchman

Back
* der Franzose

### Card 75
Front
* the French woman

Back
* die Französin

### Card 76
Front
* the Spanish man

Back
* der Spanier

### Card 77
Front
* the Italian

Back
* der Italiener

### Card 78
Front
* the Hungarian

Back
* der Ungar

### Card 79
Front
* the Englishman

Back
* der Englander

### Card 80
Front
* the grain

Back
* das Getreide

### Card 81
Front
* the wheat

Back
* der Weizen
* пшеница

### Card 82
Front
* the oats

Back
* der Hafer
* овёс

### Card 83
Front
* the rye

Back
* der Roggen
* рожь

### Card 84
Front
* the spelt

Back
* der Dinkel
* полба

### Card 85
Front
* to fart

Back
* rülpsen
* рыгать

### Card 86
Front
* the oxygen

Back
* der Sauerstoff

### Card 87
Front
* the carbon

Back
* der Kohlenstoff

### Card 88
Front
* the hydrogen

Back
* der Wasserstoff

### Card 89
Front
* the half

Back
* die Hälfte

### Card 90
Front
* the quarter

Back
* das Viertel

### Card 91
Front
* the third

Back
* das Drittel

### Card 92
Front
* the whole

Back
* das Ganze

### Card 93
Front
* to recommend

Back
* empfählen

### Card 94
Front
* the result

Back
* das Ergebnis

### Card 95
Front
* the amount

Back
* die Menge

### Card 96
Front
* frequent

Back
* häufig

### Card 97
Front
* the average

Back
* der Durchschnitt

### Card 98
Front
* on average

Back
* durchschnittlich

### Card 99
Front
* to cut

Back
* schneiden

### Card 100
Front
* besides that

Back
* ansonsten

### Card 101
Front
* the generalisation

Back
* der Oberbegriff

### Card 102
Front
* the handle

Back
* der Griff

### Card 103
Front
* the attack

Back
* der Angriff

### Card 104
Front
* the vegetarian

Back
* der Vegetarisch

### Card 105
Front
* to avoid

Back
* vermeiden

### Card 106
Front
* the habit

Back
* die Gewohnheit

### Card 107
Front
* the wallet

Back
* der Geldbeutel

### Card 108
Front
* to praise

Back
* loben

### Card 109
Front
* the madness

Back
* der Wahnsinn

### Card 110
Front
* to smell

Back
* riechen

### Card 111
Front
* the smell

Back
* das Geruch

### Card 112
Front
* to stink

Back
* stinken

### Card 113
Front
* the stink

Back
* der Gestank

### Card 114
Front
* the fragrance

Back
* der Duft

### Card 115
Front
* the facial expression

Back
* der Gesichtausdruck

### Card 116
Front
* to produce

Back
* herstellen

### Card 117
Front
* the fair

Back
* die Messe

### Card 118
Front
* to care about

Back
* sich kummern um

### Card 119
Front
* meaningful

Back
* sinnvoll

### Card 120
Front
* horrible

Back
* schrecklich

### Card 121
Front
* to support

Back
* unterstützen

### Card 122
Front
* the raw material

Back
* der Rohstoff
* сырьё

### Card 123
Front
* disappointed

Back
* enttäuscht

### Card 124
Front
* to sweat

Back
* schwitzen

### Card 125
Front
* the sweat

Back
* der Schweiß

### Card 126
Front
* the date

Back
* das Date

### Card 127
Front
* to date

Back
* daten

### Card 128
Front
* obvious

Back
* offensichtlich

### Card 129
Front
* испанский стыд

Back
* das Fremdschämen

### Card 130
Front
* patient

Back
* geduldig

### Card 131
Front
* the sauce

Back
* die Söße

### Card 132
Front
* the laid table

Back
* das gedeckte Tisch

### Card 133
Front
* the mistake

Back
* der Fehler

### Card 134
Front
* to be absent

Back
* fehlen

### Card 135
Front
* to miss

Back
* vermissen

### Card 136
Front
* the handkerchief

Back
* das Tachentuch

### Card 137
Front
* forever

Back
* ewig

### Card 138
Front
* the cough

Back
* der Husten

### Card 139
Front
* the sniff

Back
* der Schnupfen

### Card 140
Front
* to compare

Back
* vergleichen

### Card 141
Front
* the liquid

Back
* die Flüssigkeit

### Card 142
Front
* the cry

Back
* der Schrei

### Card 143
Front
* the United States

Back
* die Vereinigten Staaten

### Card 144
Front
* the United Kingdom

Back
* das Vereinigte Königreich

### Card 145
Front
* the abbreviation

Back
* die Abkürzung

### Card 146
Front
* the car

Back
* der PKW

### Card 147
Front
* the energy

Back
* die Kraft

### Card 148
Front
* the truck

Back
* der LKW

### Card 149
Front
* the employee

Back
* der/die Angestellte

### Card 150
Front
* the enterprise

Back
* der Betrieb",Everyone,en,False,2019-01-11 12:31:54,2019-03-17 11:40:42
Eng-Ger Vocab.: GeD.1,,https://s3.amazonaws.com/tinycards/image/bdafcf86edd34d48a6dee2f7b72ad1ad,"### Card 1
Front
* the depravity

Back
* die Verkommenheit

### Card 2
Front
* stable

Back
* beständig

### Card 3
Front
* the loneliness

Back
* die Einsamkeit

### Card 4
Front
* the absence

Back
* die Abwesenheit

### Card 5
Front
* the victim

Back
* das Opfer

### Card 6
Front
* the defeat

Back
* die Niederlage

### Card 7
Front
* the humiliation

Back
* die Demütigung

### Card 8
Front
* the vicious charm

Back
* der lasterhafte Reiz

### Card 9
Front
* not worth the effort

Back
* nicht der Mühe wert

### Card 10
Front
* in detail

Back
* ausführlich

### Card 11
Front
* It is very doubtful to me

Back
* Es ist mir sehr zweifelhaft

### Card 12
Front
* the duty

Back
* die Pflicht

### Card 13
Front
* on tiptoes

Back
* auf der Zehenspitzen

### Card 14
Front
* to decipher

Back
* entziffern

### Card 15
Front
* unavoidable

Back
* unvermeidlich

### Card 16
Front
* religious

Back
* fromm

### Card 17
Front
* the court

Back
* das Gericht

### Card 18
Front
* the resurrection

Back
* die Auferstehung

### Card 19
Front
* silly

Back
* töricht

### Card 20
Front
* to beat

Back
* schlagen

### Card 21
Front
* fearless

Back
* furchtlos

### Card 22
Front
* at least first

Back
* zunächst wenigstens

### Card 23
Front
* the discontent

Back
* der Mißmut

### Card 24
Front
* to abdicate

Back
* abdanken

### Card 25
Front
* the abdication

Back
* die Abdankung

### Card 26
Front
* the machine gun

Back
* das Maschinengewehr

### Card 27
Front
* smooth

Back
* glatt

### Card 28
Front
* the resistance

Back
* die Gegenwehr

### Card 29
Front
* on the other hand

Back
* andererseits

### Card 30
Front
* by no means

Back
* keineswegs

### Card 31
Front
* immediate

Back
* unmittelbar
* непосредственно

### Card 32
Front
* the surroundings

Back
* die Umgebung

### Card 33
Front
* but of course

Back
* aber freilich

### Card 34
Front
* gently

Back
* sacht

### Card 35
Front
* Ceasefire signed!

Back
* Waffenstillstand unterzeichnet!

### Card 36
Front
* the conditions

Back
* die Bedingungen

### Card 37
Front
* the sensation

Back
* die Empfindung

### Card 38
Front
* sneaky

Back
* hinterhältig

### Card 39
Front
* the horror

Back
* das Grauen

### Card 40
Front
* the doubt

Back
* der Zweifel

### Card 41
Front
* mature

Back
* reif

### Card 42
Front
* contradictory

Back
* widersprüchlich

### Card 43
Front
* within

Back
* binnen

### Card 44
Front
* disgusting

Back
* widerlich

### Card 45
Front
* the betrayal

Back
* der Verrat

### Card 46
Front
* obtrusively

Back
* penetrant

### Card 47
Front
* martial

Back
* martialisch

### Card 48
Front
* cruel

Back
* grausam

### Card 49
Front
* the rumor

Back
* das Gerücht

### Card 50
Front
* the opponent

Back
* der Gegner

### Card 51
Front
* the funeral

Back
* die Bestattung

### Card 52
Front
* the corpse

Back
* die Leiche

### Card 53
Front
* the revenge

Back
* die Rache

### Card 54
Front
* to undermine

Back
* unterminieren

### Card 55
Front
* the temporary interruption

Back
* die vorübergehende Unterbrechung

### Card 56
Front
* the baptism of fire

Back
* die Feuertaufe

### Card 57
Front
* the piles of broken glass

Back
* die Häufen von Glasscherben

### Card 58
Front
* the vibration

Back
* die Erschütterung

### Card 59
Front
* oddly enough

Back
* seltsamerweise

### Card 60
Front
* anyway

Back
* ohnehin

### Card 61
Front
* the virtue

Back
* die Tugend

### Card 62
Front
* the claim

Back
* die Behauptung

### Card 63
Front
* the outsider

Back
* der Außenseiter

### Card 64
Front
* to spill

Back
* verschütten

### Card 65
Front
* vain

Back
* eitel

### Card 66
Front
* the slight anxiety

Back
* die leichte Beklemmung

### Card 67
Front
* the conviction

Back
* die Überzeugung

### Card 68
Front
* the hand at the wheel

Back
* die Hand am Steuer

### Card 69
Front
* the swastika

Back
* das Hakenkreuz

### Card 70
Front
* the restriction

Back
* die Einschränkung

### Card 71
Front
* misteriously

Back
* geheimnisvoll

### Card 72
Front
* to appear

Back
* erscheinen

### Card 73
Front
* the heaps of iron filings

Back
* die Häufen von Eisenspänen

### Card 74
Front
* unreasonable

Back
* unvernünftig

### Card 75
Front
* inexplicable

Back
* unerklärlich

### Card 76
Front
* the promise

Back
* die Verheißung

### Card 77
Front
* the path

Back
* die Weise

### Card 78
Front
* the efficiency

Back
* die Tüchtigkeit

### Card 79
Front
* the phenomenon

Back
* die Erscheinung

### Card 80
Front
* the insolence

Back
* die Frechheit

### Card 81
Front
* to feel

Back
* spüren

### Card 82
Front
* to work out

Back
* klappen

### Card 83
Front
* cowardly

Back
* feig

### Card 84
Front
* shy

Back
* scheu

### Card 85
Front
* pale

Back
* bleich

### Card 86
Front
* the spine

Back
* das Rückgrat

### Card 87
Front
* to deviate

Back
* ablenken

### Card 88
Front
* outrageous emptiness

Back
* ungeheuerliche Leere
* вопиющая пустота

### Card 89
Front
* the attitude

Back
* die Gesinnung

### Card 90
Front
* the shame

Back
* die Schande

### Card 91
Front
* the beggar

Back
* der Bettler

### Card 92
Front
* to heap

Back
* häufen

### Card 93
Front
* the ability

Back
* die Fähigkeit

### Card 94
Front
* to wither

Back
* verwelken

### Card 95
Front
* to fail

Back
* versäumen

### Card 96
Front
* the robbing

Back
* die Beraubung

### Card 97
Front
* harmless

Back
* unbedenklich

### Card 98
Front
* splendid

Back
* prächtig

### Card 99
Front
* to unfold

Back
* entfalten

### Card 100
Front
* damaged

Back
* verdorben

### Card 101
Front
* to spoil

Back
* verderben

### Card 102
Front
* understandably

Back
* begreiflicherweise

### Card 103
Front
* the defense

Back
* die Abwehr

### Card 104
Front
* the punishment

Back
* die Züchtigung

### Card 105
Front
* to lend

Back
* verleihen

### Card 106
Front
* slow approaching

Back
* langsame Näherkommen

### Card 107
Front
* the state of uncertainty

Back
* der Schwebezustand

### Card 108
Front
* the gloominess

Back
* die Düsterkeit

### Card 109
Front
* the official

Back
* der Beamter

### Card 110
Front
* Chasms and peaks

Back
* Abgründe und Gipfel

### Card 111
Front
* the medium

Back
* das Mittel
* средство

### Card 112
Front
* the caution

Back
* die Behutsamkeit

### Card 113
Front
* the anticipation

Back
* das Vorgefühl

### Card 114
Front
* the attitude

Back
* die Haltung

### Card 115
Front
* to provoke

Back
* auslösen

### Card 116
Front
* to arrange

Back
* anrichten

### Card 117
Front
* to dissolve

Back
* auflösen

### Card 118
Front
* the decree

Back
* der Erlass
* устав

### Card 119
Front
* to be embarrassed

Back
* sich genieren

### Card 120
Front
* the crowd

Back
* das Gedränge

### Card 121
Front
* the feather

Back
* die Feder

### Card 122
Front
* everyone according to his abilities

Back
* jeder nach seinem Vermögen

### Card 123
Front
* to behave

Back
* sich gebaren

### Card 124
Front
* I shrugged.

Back
* Ich zuckte die Achseln.

### Card 125
Front
* intended

Back
* vorgesehen
* предусмотренный

### Card 126
Front
* unlimited legislative power

Back
* unbeschränkte Gesetzgebungsgewalt

### Card 127
Front
* the nervous breakdown

Back
* der Nervenzusammenbruch

### Card 128
Front
* the arousal

Back
* die Erregung

### Card 129
Front
* the fury

Back
* die Wut

### Card 130
Front
* retribution of the previous revolutionary atrocities

Back
* Vergeltung der vorangegangenen revolutionären Greuel

### Card 131
Front
* the mob

Back
* der Pöbel
* чернь

### Card 132
Front
* the repayment

Back
* die Vergeltung
* воздаяние

### Card 133
Front
* the labor union

Back
* die Gewerkschaft

### Card 134
Front
* to arrest

Back
* verhaften

### Card 135
Front
* the self-defense

Back
* die Notwehr

### Card 136
Front
* to bear down

Back
* überwältigen
* одолеть

### Card 137
Front
* the appearance

Back
* die Erscheinung

### Card 138
Front
* the opposition

Back
* der Widerstand

### Card 139
Front
* the despair

Back
* die Verzweiflung

### Card 140
Front
* piece by piece

Back
* stückweise",Everyone,en,False,2019-02-02 13:58:34,2019-03-17 18:07:29
IU: Vocab. 01,Words from individual classes,https://s3.amazonaws.com/tinycards/image/2e22e4908bd2d3432c9c5dae94314a6b,"### Card 1
Front
* to consider

Back
* überlegen

### Card 2
Front
* to complain

Back
* klagen

### Card 3
Front
* to frustrate

Back
* frustrieren

### Card 4
Front
* the obstacle

Back
* das Hindernis

### Card 5
Front
* the working conditions

Back
* die Arbeitsbedingungen

### Card 6
Front
* to take in

Back
* hineinnehmen

### Card 7
Front
* to set a goal

Back
* ein Ziel setzen

### Card 8
Front
* the search

Back
* die Suche

### Card 9
Front
* the overdose

Back
* die Überdosis

### Card 10
Front
* approximately

Back
* ungefähr

### Card 11
Front
* to extend

Back
* erweitern

### Card 12
Front
* the cruiser ship

Back
* das Kreuzfahrtschiff

### Card 13
Front
* the seagull

Back
* die Möwe

### Card 14
Front
* the ferry

Back
* die Fähre

### Card 15
Front
* soon

Back
* bald

### Card 16
Front
* shabby

Back
* heruntergekommen

### Card 17
Front
* pleasant

Back
* angenehm

### Card 18
Front
* the passion

Back
* die Leidenschaft

### Card 19
Front
* the point of view

Back
* die Sichtweise

### Card 20
Front
* to choose

Back
* aussuchen

### Card 21
Front
* the resolution

Back
* die Auflösung

### Card 22
Front
* the co-student

Back
* der Kommilitone

### Card 23
Front
* the crossroads

Back
* die Kreuzung

### Card 24
Front
* the lane

Back
* die Fahrbahn

### Card 25
Front
* the count

Back
* die Anzahl

### Card 26
Front
* the peninsula

Back
* die Halbinsel

### Card 27
Front
* the military naval base

Back
* der militärische Marinestützpunkt

### Card 28
Front
* strange

Back
* merkwürdig

### Card 29
Front
* the threat

Back
* die Bedrohung

### Card 30
Front
* the civil war

Back
* der Bürgerkrieg

### Card 31
Front
* the territory

Back
* das Gebiet

### Card 32
Front
* the ruler

Back
* der Herrscher

### Card 33
Front
* to rule

Back
* beherrschen

### Card 34
Front
* the weakness of character

Back
* die Charakterschwäche

### Card 35
Front
* to care about

Back
* sich kümmern um

### Card 36
Front
* to prevent

Back
* verhindern

### Card 37
Front
* to represent

Back
* darstellen

### Card 38
Front
* the most possible

Back
* das Möglichste

### Card 39
Front
* the traffic

Back
* der Verkehr

### Card 40
Front
* the occupation zone

Back
* die Besatzungszone

### Card 41
Front
* encrusted

Back
* verkrustet

### Card 42
Front
* mostly

Back
* überwiegend

### Card 43
Front
* hushed up

Back
* totgeschwiegen

### Card 44
Front
* the society

Back
* die Gesellschaft

### Card 45
Front
* to enlighten

Back
* aufklären

### Card 46
Front
* the demand

Back
* die Forderung

### Card 47
Front
* the grading

Back
* die Benotung

### Card 48
Front
* the nuclear reactor

Back
* der Kernreaktor

### Card 49
Front
* the research

Back
* die Forschung

### Card 50
Front
* to pursue

Back
* einschlagen

### Card 51
Front
* to comprehend

Back
* nachvollziehen

### Card 52
Front
* the devastation

Back
* die Verwüsstung

### Card 53
Front
* the path

Back
* die Schneise

### Card 54
Front
* the root cause

Back
* die Ursache

### Card 55
Front
* to deal with

Back
* austragen

### Card 56
Front
* the spark

Back
* der Funke

### Card 57
Front
* to ignite

Back
* zünden

### Card 58
Front
* the wound

Back
* die Verwundung

### Card 59
Front
* the request

Back
* die Anfrage

### Card 60
Front
* the summary

Back
* die Zusammenfassung

### Card 61
Front
* the suffering

Back
* das Leiden

### Card 62
Front
* to switch on

Back
* anschalten

### Card 63
Front
* the plague

Back
* die Pest

### Card 64
Front
* the corpse

Back
* die Leiche

### Card 65
Front
* the chain reaction

Back
* die Kettenreaktion

### Card 66
Front
* outstanding

Back
* hervorragend

### Card 67
Front
* to be missing

Back
* fehlen

### Card 68
Front
* unconditional basic income

Back
* Bedingungsloses Grundeinkommen

### Card 69
Front
* the longing

Back
* die Sehnsucht

### Card 70
Front
* some

Back
* manche

### Card 71
Front
* the emergence

Back
* die Entstehung

### Card 72
Front
* the center of gravity

Back
* der Schwerpunkt

### Card 73
Front
* the distribution

Back
* die Verteilung

### Card 74
Front
* to shift

Back
* verlagern

### Card 75
Front
* comprehensive

Back
* umfassende

### Card 76
Front
* the survey

Back
* die Erhebung

### Card 77
Front
* to intimidate

Back
* einschüchtern

### Card 78
Front
* the suspicion

Back
* der Verdacht

### Card 79
Front
* rather

Back
* eher

### Card 80
Front
* from time to time

Back
* mitunter

### Card 81
Front
* the awareness

Back
* das Bewusstsein

### Card 82
Front
* the abortion

Back
* die Abtreibung

### Card 83
Front
* extramarital sex

Back
* außerehelicher Sex

### Card 84
Front
* to enrich

Back
* bereichern

### Card 85
Front
* to strive

Back
* streben

### Card 86
Front
* such

Back
* solch

### Card 87
Front
* the advocate

Back
* der Vervechter

### Card 88
Front
* to ease up

Back
* nachlassen

### Card 89
Front
* the challenge

Back
* die Herausforderung

### Card 90
Front
* the script

Back
* das Drehbuch

### Card 91
Front
* to interrupt

Back
* unterbrechen

### Card 92
Front
* the deadline

Back
* die Frist

### Card 93
Front
* to contaminate

Back
* verunreinigen

### Card 94
Front
* inevitable

Back
* zwangsläufig

### Card 95
Front
* to be affected

Back
* betroffen sein

### Card 96
Front
* the mindset

Back
* die Denkweise

### Card 97
Front
* the diversity

Back
* die Verschiedenartigkeit

### Card 98
Front
* to apply

Back
* zutreffen

### Card 99
Front
* typical

Back
* typisch

### Card 100
Front
* the media

Back
* die Medien

### Card 101
Front
* hissing

Back
* zischen

### Card 102
Front
* the hiss

Back
* das Zischen

### Card 103
Front
* the similarity

Back
* die Ähnlichkeit

### Card 104
Front
* literal

Back
* wörtlich

### Card 105
Front
* to mention

Back
* erwähnen

### Card 106
Front
* closest

Back
* am nächsten

### Card 107
Front
* arbitrarily

Back
* beliebig

### Card 108
Front
* the matrix

Back
* die Matrix

### Card 109
Front
* the equation

Back
* die Gleichung

### Card 110
Front
* to elicit

Back
* eruieren

### Card 111
Front
* to distinguish

Back
* unterscheiden

### Card 112
Front
* to perceive

Back
* wahrnehmen

### Card 113
Front
* the term

Back
* der Begriff

### Card 114
Front
* merely

Back
* lediglich

### Card 115
Front
* clockwise

Back
* im Uhrzeigersinn

### Card 116
Front
* counter-clockwise

Back
* gegen den Uhrzeigersinn

### Card 117
Front
* the shaft

Back
* die Welle

### Card 118
Front
* the change gear

Back
* das Wechselgetriebe
* коробка передач

### Card 119
Front
* the neural network

Back
* das neuronale Netzwerk

### Card 120
Front
* the impulse conservation law

Back
* das Impulserhaltungsgesetz

### Card 121
Front
* the torque

Back
* das Drehmoment

### Card 122
Front
* the coupling

Back
* die Kupplung
* сцепление

### Card 123
Front
* the curve

Back
* die Kurve

### Card 124
Front
* to impair

Back
* beeinträchtigen

### Card 125
Front
* the applications

Back
* die Anwendungen

### Card 126
Front
* to brake

Back
* bremsen

### Card 127
Front
* the brake

Back
* die Bremse

### Card 128
Front
* the acceleration

Back
* die Beschleunigung

### Card 129
Front
* to transmit

Back
* übertragen

### Card 130
Front
* the handlebar

Back
* der Lenker
* руль

### Card 131
Front
* the steering wheel

Back
* das Steuer

### Card 132
Front
* the inertia

Back
* die Trägheit

### Card 133
Front
* to pass

Back
* durchlaufen

### Card 134
Front
* solid body

Back
* fester Körper

### Card 135
Front
* quietly

Back
* leise

### Card 136
Front
* the overtaking

Back
* das Überhol

### Card 137
Front
* the maneuver

Back
* das Manöver

### Card 138
Front
* to maintain

Back
* beibehalten

### Card 139
Front
* the stable

Back
* der Stall

### Card 140
Front
* definitely

Back
* eindeutig

### Card 141
Front
* the conception

Back
* die Auffassung

### Card 142
Front
* to abuse

Back
* missbrauchen

### Card 143
Front
* the violation

Back
* der Verstoß

### Card 144
Front
* the lawyer

Back
* der Anwalt

### Card 145
Front
* the consumer

Back
* der Verbraucher

### Card 146
Front
* to renounce

Back
* verzichten",Everyone,en,False,2019-02-03 13:02:49,2019-03-18 20:41:11
My Eng-Ger Vocabulary 4,,https://s3.amazonaws.com/tinycards/image/95746c95a03a5a1f8d29dbebb6badc90,"### Card 1
Front
* to break

Back
* brechen

### Card 2
Front
* to break the law

Back
* verbrechen

### Card 3
Front
* the law

Back
* das Gesetz

### Card 4
Front
* to tear

Back
* reißen

### Card 5
Front
* to tear off

Back
* abreißen

### Card 6
Front
* to tear in two

Back
* durchreißen

### Card 7
Front
* to tear to pieces

Back
* zerreißen

### Card 8
Front
* the zipper

Back
* der Reißverschluss

### Card 9
Front
* the thief

Back
* der Dieb

### Card 10
Front
* the theft

Back
* der Diebstahl

### Card 11
Front
* to report

Back
* berichten

### Card 12
Front
* to escape

Back
* entkommen

### Card 13
Front
* to flee

Back
* fliehen

### Card 14
Front
* respectively

Back
* beziehungsweise
* соответственно

### Card 15
Front
* to touch

Back
* berühren

### Card 16
Front
* the imprint

Back
* der Abdruck
* отпечаток

### Card 17
Front
* the offender

Back
* der Täter

### Card 18
Front
* the burglar

Back
* der Einbrecher

### Card 19
Front
* the jail

Back
* das Gefängnis

### Card 20
Front
* the object of value

Back
* der Wertgegenstand

### Card 21
Front
* to hide

Back
* ausblenden

### Card 22
Front
* to be cancelled

Back
* ausfallen

### Card 23
Front
* the platform

Back
* der Bahnsteig

### Card 24
Front
* to ask

Back
* bitten

### Card 25
Front
* to rotate

Back
* drehen

### Card 26
Front
* over there

Back
* drüben

### Card 27
Front
* typed

Back
* getippte

### Card 28
Front
* the insertion

Back
* die Einfügung

### Card 29
Front
* initial

Back
* unsprünglich

### Card 30
Front
* additionally

Back
* zusätzlich

### Card 31
Front
* to drive

Back
* treiben

### Card 32
Front
* to seem

Back
* scheinen

### Card 33
Front
* the individual

Back
* der Einzelne

### Card 34
Front
* to remember

Back
* besinnen

### Card 35
Front
* willy-nilly

Back
* nolens oder volens

### Card 36
Front
* just

Back
* eben

### Card 37
Front
* naked

Back
* bloß

### Card 38
Front
* from time to time

Back
* bisweilen

### Card 39
Front
* commonly

Back
* gemeinhin

### Card 40
Front
* to consider

Back
* betrachten

### Card 41
Front
* the enemy

Back
* der Feind

### Card 42
Front
* constantly

Back
* ständig

### Card 43
Front
* extremely

Back
* äußerst

### Card 44
Front
* the fear

Back
* die Furcht

### Card 45
Front
* the threat

Back
* die Drohung

### Card 46
Front
* the employment

Back
* die Beschäftigung

### Card 47
Front
* the adventure

Back
* das Abenteuer

### Card 48
Front
* to reject

Back
* ablehnen

### Card 49
Front
* to deny

Back
* verleugnen

### Card 50
Front
* the enthusiasm

Back
* die Begeisterung

### Card 51
Front
* the victim

Back
* das Opfer

### Card 52
Front
* the hero

Back
* der Held

### Card 53
Front
* to give in

Back
* nachgeben

### Card 54
Front
* brave

Back
* wacker

### Card 55
Front
* the entertainment

Back
* die Unterhaltung

### Card 56
Front
* the intention

Back
* die Absicht

### Card 57
Front
* to defend

Back
* verteidigen

### Card 58
Front
* future

Back
* künftig

### Card 59
Front
* the effort

Back
* die Mühe

### Card 60
Front
* to direct

Back
* lenken

### Card 61
Front
* to conceal

Back
* verschweigen

### Card 62
Front
* the trace

Back
* die Spur

### Card 63
Front
* to become impoverished

Back
* verarmen

### Card 64
Front
* the devastation

Back
* die Verheerung

### Card 65
Front
* any

Back
* irgendein

### Card 66
Front
* the earthquake

Back
* das Erdbeben

### Card 67
Front
* to acknowledge

Back
* anerkennen

### Card 68
Front
* the trunk

Back
* der Kofferraum

### Card 69
Front
* some

Back
* einig

### Card 70
Front
* the radio host

Back
* der Radiomoderator

### Card 71
Front
* outside

Back
* außerhalb

### Card 72
Front
* the edge

Back
* der Rand

### Card 73
Front
* to reach

Back
* erreichen

### Card 74
Front
* the possession

Back
* das Besitz

### Card 75
Front
* to park

Back
* abstellen

### Card 76
Front
* the distance

Back
* die Entfernung

### Card 77
Front
* the gap

Back
* der Abstand

### Card 78
Front
* namely

Back
* nämlich

### Card 79
Front
* the bad luck

Back
* das Pech

### Card 80
Front
* as planned

Back
* planmäßig

### Card 81
Front
* the conductor

Back
* der Schaffner

### Card 82
Front
* to dodge paying the fare

Back
* schwarzfahren

### Card 83
Front
* the disorder

Back
* die Störung

### Card 84
Front
* the delay

Back
* die Verspätung

### Card 85
Front
* perhaps

Back
* wohl

### Card 86
Front
* to perform

Back
* ausführen

### Card 87
Front
* to spend

Back
* ausgeben

### Card 88
Front
* the complaint

Back
* die Beschwerde

### Card 89
Front
* the board

Back
* das Brett

### Card 90
Front
* to dispose

Back
* entsorgen

### Card 91
Front
* separately

Back
* gesondert

### Card 92
Front
* the janitor

Back
* der Hausmeister

### Card 93
Front
* the estate agent

Back
* der Makler

### Card 94
Front
* to spare

Back
* schonen

### Card 95
Front
* careful

Back
* sorgfältig

### Card 96
Front
* the stairwell

Back
* das Treppenhaus

### Card 97
Front
* to agree

Back
* vereinbaren

### Card 98
Front
* to be present

Back
* vorhanden

### Card 99
Front
* the member

Back
* das Mitglied

### Card 100
Front
* the application

Back
* der Antrag

### Card 101
Front
* the stay

Back
* der Aufenthalt

### Card 102
Front
* to apply for

Back
* beantragen

### Card 103
Front
* the authority

Back
* die Behörde

### Card 104
Front
* to approve

Back
* genehmigen

### Card 105
Front
* the citizenship

Back
* die Staatsangehörigkeit

### Card 106
Front
* the documents

Back
* die Unterlagen

### Card 107
Front
* the certificate

Back
* die Urkunde

### Card 108
Front
* the consultation

Back
* die Beratung

### Card 109
Front
* the area

Back
* der Bereich

### Card 110
Front
* to contain

Back
* enthalten

### Card 111
Front
* required

Back
* erforderlich

### Card 112
Front
* advanced

Back
* fortgeschritten

### Card 113
Front
* the knowledge

Back
* die Kenntnisse

### Card 114
Front
* the fee

Back
* die Gebühr

### Card 115
Front
* merciful

Back
* gnädig

### Card 116
Front
* by the way

Back
* übrigens

### Card 117
Front
* the stress

Back
* die Spannung

### Card 118
Front
* comforting

Back
* tröstlich

### Card 119
Front
* religious

Back
* fromm

### Card 120
Front
* to cancel

Back
* kündigen

### Card 121
Front
* the activity

Back
* die Tätigkeit

### Card 122
Front
* the occupation zone

Back
* die Besatzungszone

### Card 123
Front
* the voting

Back
* die Abstimmung

### Card 124
Front
* the dignity

Back
* die Würde",Everyone,en,False,2019-01-17 20:11:10,2019-03-18 08:24:38
Geschichte eines Deutschen,,https://s3.amazonaws.com/tinycards/image/7bc814c5171385d9d50bbaf1230051e3,"### Card 1
Front
* typed

Back
* getippte

### Card 2
Front
* the insertion

Back
* die Einfügung

### Card 3
Front
* initial

Back
* ursprünglichen

### Card 4
Front
* additionally

Back
* zusätzlich

### Card 5
Front
* to drive

Back
* treiben

### Card 6
Front
* to seem

Back
* scheinen

### Card 7
Front
* the individual

Back
* der Einzelne",Everyone,en,True,2019-01-21 21:01:15,2019-01-21 21:01:44
My Eng-Ger Vocabulary 3,,https://s3.amazonaws.com/tinycards/image/ed78c2c8fd22bc3bef9452e69f215edb,"### Card 1
Front
* merry

Back
* frohe

### Card 2
Front
* the cloud

Back
* die Wolke

### Card 3
Front
* the fog

Back
* der Nebel

### Card 4
Front
* the storm

Back
* das Gewitter

### Card 5
Front
* the consequence

Back
* die Folge

### Card 6
Front
* comfortable

Back
* bequem

### Card 7
Front
* charming

Back
* charmant

### Card 8
Front
* the character

Back
* das Zeichen

### Card 9
Front
* the drawing

Back
* die Zeichnung

### Card 10
Front
* the question mark

Back
* das Fragezeichen

### Card 11
Front
* the exclamation mark

Back
* das Ausrufezeichen

### Card 12
Front
* the little branch

Back
* der Zweig

### Card 13
Front
* the strong branch

Back
* der Ast

### Card 14
Front
* the tree core

Back
* der Stamm

### Card 15
Front
* the diary

Back
* das Tagebuch

### Card 16
Front
* to iron

Back
* bügeln

### Card 17
Front
* to whisper

Back
* flüstern

### Card 18
Front
* embarassing

Back
* peinlich

### Card 19
Front
* the courage

Back
* der Mut

### Card 20
Front
* the toe

Back
* der Zeh

### Card 21
Front
* the nightmare

Back
* der Albtraum

### Card 22
Front
* the nurse

Back
* die Nonne

### Card 23
Front
* the pain

Back
* der Schmerzen

### Card 24
Front
* to hurt

Back
* wehtun

### Card 25
Front
* the heating

Back
* die Heizung

### Card 26
Front
* the bush

Back
* der Busch

### Card 27
Front
* the hedge

Back
* die Hecke

### Card 28
Front
* the song

Back
* das Lied

### Card 29
Front
* necessarily

Back
* unbedingt

### Card 30
Front
* to complete

Back
* abschließen

### Card 31
Front
* the song writer

Back
* der Liedermacher

### Card 32
Front
* the garbage container

Back
* die Mülltone

### Card 33
Front
* the trash basket

Back
* der Mülleimer

### Card 34
Front
* comfortable

Back
* gemütlich

### Card 35
Front
* the neighbourhood

Back
* das Stadtviertel

### Card 36
Front
* the sightseeing

Back
* die Sehenswürdigkeit

### Card 37
Front
* the letter box

Back
* der Briefkasten

### Card 38
Front
* the sofa

Back
* das Sofa

### Card 39
Front
* the couch

Back
* der Couch

### Card 40
Front
* to turn around

Back
* wenden

### Card 41
Front
* to turn

Back
* abbiegen

### Card 42
Front
* the economics

Back
* die Wirtschaft

### Card 43
Front
* to sigh

Back
* seufzen

### Card 44
Front
* the twin

Back
* der Zwilling

### Card 45
Front
* to visit

Back
* besichtigen

### Card 46
Front
* Watch out!

Back
* Pass auf!

### Card 47
Front
* the tie

Back
* die Krawatte

### Card 48
Front
* the corner

Back
* die Ecke

### Card 49
Front
* difficult

Back
* schwierig

### Card 50
Front
* dizzy

Back
* schwindlich

### Card 51
Front
* the draw

Back
* unentschieden
* ничья

### Card 52
Front
* to catch

Back
* fangen

### Card 53
Front
* to begin

Back
* anfangen

### Card 54
Front
* to clean up

Back
* aufräumen

### Card 55
Front
* to mean

Back
* meinen

### Card 56
Front
* the business trip

Back
* die Dienstreise

### Card 57
Front
* to puke

Back
* kotzen

### Card 58
Front
* the horn

Back
* die Hupe

### Card 59
Front
* the ship

Back
* das Schiff

### Card 60
Front
* to invite

Back
* einladen

### Card 61
Front
* to survive

Back
* überleben

### Card 62
Front
* the silence

Back
* das Schweigen

### Card 63
Front
* the grand piano

Back
* der Konzertflügel

### Card 64
Front
* to draw

Back
* zeichnen

### Card 65
Front
* to paint

Back
* malen

### Card 66
Front
* the bite

Back
* der Biss

### Card 67
Front
* favourite

Back
* lieblings

### Card 68
Front
* divorced

Back
* geschieden

### Card 69
Front
* to erase

Back
* löschen

### Card 70
Front
* nervous

Back
* nervös

### Card 71
Front
* the appointment

Back
* die Verabredung

### Card 72
Front
* the direction

Back
* die Richtung

### Card 73
Front
* the route

Back
* die Strecke

### Card 74
Front
* the district

Back
* der Bezirk

### Card 75
Front
* to cancel

Back
* kündigen

### Card 76
Front
* the notification

Back
* die Mitteilung

### Card 77
Front
* the poverty

Back
* die Armut

### Card 78
Front
* the advantage

Back
* der Vorteil

### Card 79
Front
* to fight

Back
* streiten

### Card 80
Front
* the permission

Back
* die Erlaubnis

### Card 81
Front
* to promise

Back
* versprechen

### Card 82
Front
* the property

Back
* das Eigentum
* имущество

### Card 83
Front
* the majority

Back
* die Mehrheit

### Card 84
Front
* the minority

Back
* die Minderheit

### Card 85
Front
* the government

Back
* die Regierung

### Card 86
Front
* true

Back
* wahr

### Card 87
Front
* fluent

Back
* fließend

### Card 88
Front
* drunk

Back
* betrunken

### Card 89
Front
* the ratio

Back
* das Verhältnis

### Card 90
Front
* the opportunity

Back
* die Gelegenheit

### Card 91
Front
* alive

Back
* lebendig

### Card 92
Front
* to prefer

Back
* vorziehen

### Card 93
Front
* the comic

Back
* der Comic
* комикс

### Card 94
Front
* the novel

Back
* der Roman

### Card 95
Front
* the thriller

Back
* der Krimi

### Card 96
Front
* the magazine

Back
* die Zeitschrift

### Card 97
Front
* the fairy tale

Back
* das Märchen

### Card 98
Front
* the non-fiction book

Back
* das Sachbuch

### Card 99
Front
* the advisor

Back
* der Ratgeber

### Card 100
Front
* the audiobook

Back
* das Hörbuch

### Card 101
Front
* to accompany

Back
* begleiten

### Card 102
Front
* the steward

Back
* der Begleiter

### Card 103
Front
* actually

Back
* eigentlich

### Card 104
Front
* although

Back
* obwohl

### Card 105
Front
* the quote

Back
* das Zitat

### Card 106
Front
* the boiler

Back
* der Kessel

### Card 107
Front
* to melt

Back
* schmelzen

### Card 108
Front
* to admit

Back
* zugeben

### Card 109
Front
* Latin

Back
* das Latein

### Card 110
Front
* even

Back
* sogar

### Card 111
Front
* the cap

Back
* die Kappe

### Card 112
Front
* the order

Back
* der Befehl

### Card 113
Front
* weird

Back
* seltsam

### Card 114
Front
* constantly

Back
* dauernd

### Card 115
Front
* to serve

Back
* bedienen

### Card 116
Front
* the remote control

Back
* die Fernbedienung

### Card 117
Front
* because of

Back
* wegen

### Card 118
Front
* secretly

Back
* heimlich

### Card 119
Front
* far away

Back
* weitweg

### Card 120
Front
* the memory

Back
* das Gedächtnis

### Card 121
Front
* the criminal

Back
* der Verbrecher

### Card 122
Front
* greedy

Back
* gierig

### Card 123
Front
* the experience

Back
* die Erfahrung

### Card 124
Front
* the greed

Back
* die Gier

### Card 125
Front
* stingy

Back
* geizig

### Card 126
Front
* to resemble

Back
* ähneln

### Card 127
Front
* dizzy

Back
* schwindlig

### Card 128
Front
* single

Back
* ledig

### Card 129
Front
* the thing

Back
* die Sache

### Card 130
Front
* the announcement

Back
* die Durchsage

### Card 131
Front
* the salutation

Back
* die Anrede
* обращение

### Card 132
Front
* the subject

Back
* der Betreff

### Card 133
Front
* the change

Back
* der Wechsel

### Card 134
Front
* nowadays

Back
* zurzeit

### Card 135
Front
* the registry office

Back
* das Standesamt
* ЗАГС

### Card 136
Front
* to click

Back
* anklicken

### Card 137
Front
* the flea market

Back
* der Flohmarkt

### Card 138
Front
* to find out

Back
* herausfinden

### Card 139
Front
* to look up

Back
* nachschauen

### Card 140
Front
* neat

Back
* prima

### Card 141
Front
* to exchange

Back
* tauschen

### Card 142
Front
* the banknote

Back
* der Geldschein

### Card 143
Front
* the coupon

Back
* der Gutschein

### Card 144
Front
* the receipt

Back
* der Beleg

### Card 145
Front
* the piece of paper

Back
* der Zettel

### Card 146
Front
* the entrance ticket

Back
* die Eintrittskarte

### Card 147
Front
* the business card

Back
* die Visitenkarte

### Card 148
Front
* the bank statement

Back
* der Kontoauszug

### Card 149
Front
* the driver license

Back
* der Führerschein

### Card 150
Front
* to be in a hurry

Back
* in eile sein",Everyone,en,False,2019-01-12 16:52:45,2019-03-17 11:41:28
My Eng-Ger Vocabulary 2,,https://s3.amazonaws.com/tinycards/image/1a7bf6243b2fc4ae94a6112fbdf50284,"### Card 1
Front
* the decade

Back
* der Jahrzehnt

### Card 2
Front
* the convey

Back
* das Fließband

### Card 3
Front
* the pride

Back
* der Stolz

### Card 4
Front
* the part

Back
* der Teil

### Card 5
Front
* the machine detail

Back
* das Teil

### Card 6
Front
* the photo model

Back
* das Model

### Card 7
Front
* the product model

Back
* das Modell

### Card 8
Front
* following

Back
* nachfolgend

### Card 9
Front
* previous

Back
* vorgänge

### Card 10
Front
* to welcome

Back
* begrüßen

### Card 11
Front
* to say goodbye

Back
* sich verabschieden

### Card 12
Front
* to wave

Back
* wingen

### Card 13
Front
* the process

Back
* der Vorgang

### Card 14
Front
* the history/story

Back
* die Geschichte

### Card 15
Front
* to sink

Back
* sinken

### Card 16
Front
* to go up

Back
* steigen

### Card 17
Front
* to raise

Back
* steigern

### Card 18
Front
* to reduce

Back
* senken

### Card 19
Front
* to hire

Back
* anstellen

### Card 20
Front
* to offer

Back
* anbieten

### Card 21
Front
* urgent

Back
* dringend

### Card 22
Front
* the warehouse

Back
* das Lager

### Card 23
Front
* to earn

Back
* verdienen

### Card 24
Front
* the wound

Back
* die Verletzung

### Card 25
Front
* the accident

Back
* der Unfall

### Card 26
Front
* the body

Back
* der Körper

### Card 27
Front
* human

Back
* menschlich

### Card 28
Front
* the humanity

Back
* die Menschheit

### Card 29
Front
* the emergency room

Back
* die Notaufnahme

### Card 30
Front
* the record

Back
* die Aufnahme

### Card 31
Front
* to check

Back
* untersuchen

### Card 32
Front
* upper

Back
* obere

### Card 33
Front
* the area

Back
* die Gegend

### Card 34
Front
* the feeling

Back
* das Gefühl

### Card 35
Front
* to express

Back
* ausdrücken

### Card 36
Front
* to print out

Back
* ausdrucken

### Card 37
Front
* the evil

Back
* das Böses

### Card 38
Front
* the good

Back
* das Gute

### Card 39
Front
* the soul

Back
* die Seele

### Card 40
Front
* to last

Back
* dauern

### Card 41
Front
* the duration

Back
* die Dauer

### Card 42
Front
* the truth

Back
* die Wahrheit

### Card 43
Front
* the lie

Back
* die Lüge

### Card 44
Front
* to worry

Back
* sich Sorgen machen

### Card 45
Front
* to worry about

Back
* sich sorgen um

### Card 46
Front
* the stomach

Back
* der Magen

### Card 47
Front
* to believe in

Back
* glauben an

### Card 48
Front
* to believe

Back
* glauben

### Card 49
Front
* the weight lifting

Back
* das Gewichtheben

### Card 50
Front
* the paddling

Back
* das Rudern

### Card 51
Front
* the competition

Back
* der Wettbewerb

### Card 52
Front
* the martial arts

Back
* der Kampfsport

### Card 53
Front
* worth

Back
* wert

### Card 54
Front
* huge

Back
* riesig

### Card 55
Front
* affordable

Back
* preiswert

### Card 56
Front
* cheap

Back
* billig

### Card 57
Front
* to lose weight

Back
* abnehmen

### Card 58
Front
* to gain weight

Back
* zunehmen

### Card 59
Front
* to relax

Back
* ausruhen

### Card 60
Front
* to pay attention to

Back
* achten auf

### Card 61
Front
* the nutrition

Back
* die Ernährung

### Card 62
Front
* to take care about

Back
* aufpassen auf

### Card 63
Front
* the suggestion

Back
* der Vorschlag

### Card 64
Front
* the advice

Back
* der Ratschlag

### Card 65
Front
* to dive

Back
* tauchen

### Card 66
Front
* the income

Back
* das Einkommen

### Card 67
Front
* to kick

Back
* treten

### Card 68
Front
* the kick

Back
* der Tritt

### Card 69
Front
* to quit

Back
* austreten

### Card 70
Front
* the reduction

Back
* die Ermäßigung
* льгота

### Card 71
Front
* the art

Back
* die Kunst

### Card 72
Front
* artificial

Back
* künstlich

### Card 73
Front
* artistic

Back
* künstlerisch

### Card 74
Front
* the stage

Back
* die Bühne

### Card 75
Front
* the event

Back
* die Veranstaltung

### Card 76
Front
* the report

Back
* der Vortrag

### Card 77
Front
* the festival

Back
* das Fest

### Card 78
Front
* the spectacle

Back
* das Theaterstück

### Card 79
Front
* to take place

Back
* stattfinden

### Card 80
Front
* the line (of text)

Back
* die Zeile

### Card 81
Front
* the row

Back
* die Reihe

### Card 82
Front
* exciting

Back
* spannend

### Card 83
Front
* the softy

Back
* das Weichei

### Card 84
Front
* the thirst

Back
* der Durst

### Card 85
Front
* the can

Back
* die Dose

### Card 86
Front
* to decide

Back
* entschließen

### Card 87
Front
* to barricade

Back
* verschließen

### Card 88
Front
* to lock

Back
* abschließen

### Card 89
Front
* to unlock

Back
* aufschließen

### Card 90
Front
* the sunrise

Back
* der Sonnenaufgang

### Card 91
Front
* the sunset

Back
* der Sonnenuntergang

### Card 92
Front
* the accommodation

Back
* die Unterkunft

### Card 93
Front
* the tips

Back
* das Trinkgeld

### Card 94
Front
* the money change

Back
* das Geld wechseln

### Card 95
Front
* the highlight

Back
* der Höhepunkt

### Card 96
Front
* to give up

Back
* aufgeben

### Card 97
Front
* the cheek

Back
* die Wange

### Card 98
Front
* the tongue

Back
* die Zunge

### Card 99
Front
* the French kiss

Back
* der Zungkuss

### Card 100
Front
* intentionally

Back
* extra

### Card 101
Front
* to continue (colloquial)

Back
* weitermachen

### Card 102
Front
* to continue (formal)

Back
* fortfahren

### Card 103
Front
* colorblind

Back
* farbenblind

### Card 104
Front
* raw

Back
* roh

### Card 105
Front
* the patience

Back
* die Geduld

### Card 106
Front
* colloquial

Back
* umgangssprachlich

### Card 107
Front
* the ceiling

Back
* die Decke

### Card 108
Front
* the blanket

Back
* die Bettdecke

### Card 109
Front
* the stove

Back
* der Herd

### Card 110
Front
* the oven

Back
* der Ofen

### Card 111
Front
* the sheet

Back
* das Blatt

### Card 112
Front
* the coast

Back
* die Küste

### Card 113
Front
* the lake

Back
* der See

### Card 114
Front
* the sea

Back
* die See

### Card 115
Front
* the exception

Back
* die Ausnahme

### Card 116
Front
* the shore

Back
* das Ufer

### Card 117
Front
* the hill

Back
* der Hügel

### Card 118
Front
* to decorate

Back
* einrichten

### Card 119
Front
* to put in order

Back
* richten

### Card 120
Front
* to conflict

Back
* streiten

### Card 121
Front
* to pay

Back
* zahlen

### Card 122
Front
* to count

Back
* zählen

### Card 123
Front
* to tell a story

Back
* erzählen

### Card 124
Front
* to call

Back
* anrufen

### Card 125
Front
* to talk on phone

Back
* telefonieren

### Card 126
Front
* the violin

Back
* die Geige

### Card 127
Front
* related

Back
* verwandt

### Card 128
Front
* to remain silent

Back
* schweigen

### Card 129
Front
* the grandson

Back
* der Enkel

### Card 130
Front
* the granddaughter

Back
* die Enkelin

### Card 131
Front
* brothers and sisters

Back
* die Geschwister

### Card 132
Front
* the wedding

Back
* die Trauung

### Card 133
Front
* the best man

Back
* der Trauzeuge

### Card 134
Front
* the bride

Back
* die Braut

### Card 135
Front
* the groom

Back
* der Bräutigam

### Card 136
Front
* the movement

Back
* die Bewegung

### Card 137
Front
* to fetch

Back
* holen

### Card 138
Front
* to pick up

Back
* abholen

### Card 139
Front
* the diarrheas

Back
* die Durchfall

### Card 140
Front
* to pass

Back
* bestehen

### Card 141
Front
* to confess

Back
* gestehen

### Card 142
Front
* the housewarming

Back
* die Einweihungsparty

### Card 143
Front
* Easter

Back
* das Ostern

### Card 144
Front
* to congratulate

Back
* gratulieren

### Card 145
Front
* hopefully

Back
* hoffentlich

### Card 146
Front
* to chill

Back
* entspannen

### Card 147
Front
* the dumbbell

Back
* die Hantel

### Card 148
Front
* to lift

Back
* heben

### Card 149
Front
* satisfied

Back
* zufrieden

### Card 150
Front
* to move

Back
* umziehen",Everyone,en,False,2019-01-12 11:10:54,2019-03-17 11:41:09
